<?xml version="1.0" encoding="utf-8"?>
<Themes>
    <Theme Name="General" ID="36">
        <ThemeColor Shadow="#21000000" Name="Novel" ID="83">
            <ColorScheme Accent2="#ff467dfe" Accent4="#ffff7e79" Accent1="#ff4ed7c5" Accent6="#ff8dc0ff" Accent7="#ff7991ff" Accent8="#fffe9d17" Accent5="#ffffcc53" Accent3="#ff4155c6"/>
            <ColorScheme Accent2="#ff00399d" Accent4="#ff467dfe" Accent1="#ffff6863" Accent6="#ffff7e79" Accent7="#ffffcc53" Accent8="#ff7991ff" Accent5="#ff4155c6" Accent3="#ff4ed7c5"/>
        </ThemeColor>
        <ThemeEffect Name="new Theme1" ID="36">
            <ShapeFormat QuickMask="-1">
                <FillFormat Type="Solid">
                    <Color ThemeColor="1" V="#ffffffff"/>
                </FillFormat>
                <LineFormat>
                    <LineWeight V="1.66667"/>
                    <LineCap V="Flat"/>
                    <LinePattern ID="1"/>
                    <BeginArrow Size="4" ID="0"/>
                    <EndArrow Size="4" ID="0"/>
                    <LineFill Type="Solid">
                        <Color ThemeColor="5" Shade="50" Ref="#999999" V="#ff6f6f6f"/>
                    </LineFill>
                </LineFormat>
                <EffectFormat>
                    <Shadow Mode="0"/>
                </EffectFormat>
            </ShapeFormat>
            <ShapeFormat QuickMask="-1">
                <FillFormat Type="Solid">
                    <Color ThemeColor="5" Ref="#999999" V="#ffefefef" Tint="80"/>
                </FillFormat>
                <LineFormat>
                    <LineWeight V="1"/>
                    <LineCap V="Flat"/>
                    <LinePattern ID="1"/>
                    <BeginArrow Size="4" ID="0"/>
                    <EndArrow Size="4" ID="0"/>
                    <LineFill Type="Solid">
                        <Color ThemeColor="5" V="#ff999999"/>
                    </LineFill>
                </LineFormat>
                <EffectFormat>
                    <Shadow Mode="0"/>
                </EffectFormat>
            </ShapeFormat>
            <ShapeFormat QuickMask="-1">
                <FillFormat Type="Solid">
                    <Color ThemeColor="5" Ref="#999999" V="#ffefefef" Tint="80"/>
                </FillFormat>
                <LineFormat>
                    <LineWeight V="3"/>
                    <LineCap V="Flat"/>
                    <LinePattern ID="1"/>
                    <BeginArrow Size="4" ID="0"/>
                    <EndArrow Size="4" ID="0"/>
                    <LineFill Type="Solid">
                        <Color ThemeColor="5" Ref="#999999" V="#ffefefef" Tint="80"/>
                    </LineFill>
                </LineFormat>
                <EffectFormat>
                    <Shadow Mode="0"/>
                </EffectFormat>
            </ShapeFormat>
            <ShapeFormat QuickMask="-1">
                <FillFormat Type="Solid">
                    <Color V="#ffffffff"/>
                </FillFormat>
                <LineFormat>
                    <LineWeight V="1"/>
                    <LineCap V="Flat"/>
                    <LinePattern ID="1"/>
                    <BeginArrow Size="4" ID="0"/>
                    <EndArrow Size="4" ID="0"/>
                    <LineFill Type="Solid">
                        <Color ThemeColor="5" Shade="90" Ref="#999999" V="#ff323232"/>
                    </LineFill>
                </LineFormat>
                <EffectFormat>
                    <Shadow Mode="0"/>
                </EffectFormat>
            </ShapeFormat>
            <ShapeFormat QuickMask="-1">
                <FillFormat Type="Solid">
                    <Color ThemeColor="5" Ref="#999999" V="#ffdedede" Tint="60"/>
                </FillFormat>
                <LineFormat>
                    <LineWeight V="2.33333"/>
                    <LineCap V="Flat"/>
                    <LinePattern ID="1"/>
                    <BeginArrow Size="4" ID="0"/>
                    <EndArrow Size="4" ID="0"/>
                    <LineFill Type="Solid">
                        <Color ThemeColor="5" Shade="70" Ref="#999999" V="#ff575757"/>
                    </LineFill>
                </LineFormat>
                <EffectFormat>
                    <Shadow Mode="0"/>
                </EffectFormat>
            </ShapeFormat>
            <ShapeFormat QuickMask="-1">
                <FillFormat Type="Solid">
                    <Color ThemeColor="5" Shade="80" Ref="#999999" V="#ff474747"/>
                </FillFormat>
                <LineFormat>
                    <LineWeight V="1"/>
                    <LineCap V="Flat"/>
                    <LinePattern ID="1"/>
                    <BeginArrow Size="4" ID="0"/>
                    <EndArrow Size="4" ID="0"/>
                    <LineFill Type="Solid">
                        <Color ThemeColor="5" Shade="80" Ref="#999999" V="#ff474747"/>
                    </LineFill>
                </LineFormat>
                <EffectFormat>
                    <Shadow Mode="0"/>
                </EffectFormat>
            </ShapeFormat>
            <FontColor>
                <Color V="#ff191919"/>
                <Color V="#ff191919"/>
                <Color V="#ff191919"/>
                <Color V="#ff191919"/>
                <Color V="#ff191919"/>
                <Color V="#ffffffff"/>
                <Color V="#ff191919"/>
                <Color V="#ff191919"/>
            </FontColor>
        </ThemeEffect>
        <ThemeConnector Name="General 1" ID="54">
            <ConnectorScheme>
                <LineFormat>
                    <LineWeight V="1"/>
                    <LineCap V="Flat"/>
                    <LinePattern ID="1"/>
                    <BeginArrow Size="3" ID="0"/>
                    <EndArrow Size="3" ID="4"/>
                    <LineFill Type="Solid">
                        <Color ThemeColor="2" Ref="#000" V="#ff191919" Tint="1"/>
                    </LineFill>
                </LineFormat>
                <EffectFormat>
                    <Shadow Mode="0"/>
                </EffectFormat>
            </ConnectorScheme>
        </ThemeConnector>
        <ThemeText TextFormatMask="0" Name="Arial" VAlign="Center" TabStop="80" ID="3">
            <Color V="#ff000000"/>
            <Character Family="Arial" Size="12" Color="#ffffff" IX="0"/>
            <Paragraph Align="4" IndFirst="0" IndRight="0" SpLine="100" IX="0" IndLeft="0"/>
            <Margins Top="4" Right="4" Left="4" Bottom="4"/>
            <FontSchemeLst>
                <FontScheme FontSize="12" Flag="0" FontName="Arial">
                    <Color V="#ff000000"/>
                </FontScheme>
                <FontScheme FontSize="12" Flag="0" FontName="Arial">
                    <Color V="#ff000000"/>
                </FontScheme>
                <FontScheme FontSize="12" Flag="0" FontName="Arial">
                    <Color V="#ff000000"/>
                </FontScheme>
                <FontScheme FontSize="12" Flag="0" FontName="Arial">
                    <Color V="#ff000000"/>
                </FontScheme>
                <FontScheme FontSize="12" Flag="0" FontName="Arial">
                    <Color V="#ff000000"/>
                </FontScheme>
                <FontScheme FontSize="12" Flag="1" FontName="Arial">
                    <Color V="#ff000000"/>
                </FontScheme>
                <FontScheme FontSize="12" Flag="0" FontName="Arial">
                    <Color V="#ff000000"/>
                </FontScheme>
                <FontScheme FontSize="12" Flag="0" FontName="Arial">
                    <Color V="#ff000000"/>
                </FontScheme>
            </FontSchemeLst>
        </ThemeText>
    </Theme>
</Themes>
