<?xml version="1.0" encoding="UTF-8"?>
<Page ID="100" Type="Page" Name="Page-1" Zoom="0.84" Unit="mm" PrePaper="13">
    <PageProps>
        <Width V="1122.52"/>
        <Height V="793.701"/>
        <UnitWidth V="210"/>
        <UnitHeight V="297"/>
        <PageBreakWidth V="1122.52"/>
        <PageBreakHeight V="793.701"/>
        <Portrait V="FALSE"/>
        <AutoSize V="TRUE"/>
        <PageBreakLeft V="0"/>
        <PageBreakTop V="0"/>
        <PageBreakRight V="1"/>
        <PageBreakBottom V="1"/>
        <ScrollX V="0.5"/>
        <ScrollY V="0.546252"/>
        <GridBeginX V="0"/>
        <GridBeginY V="0"/>
        <OrgDirection V="1"/>
    </PageProps>
    <Layout>
        <JumpMode V="1"/>
        <JumpStyle V="0"/>
        <JumpSize V="6"/>
        <NumbLevel V="0"/>
        <mmMajor V="20"/>
        <mmMinor V="10"/>
        <OrgVerDist V="20"/>
        <OrgHorDist V="20"/>
        <OrgHorAss V="8"/>
        <HpScale V="50"/>
        <HpPrecistion V="0.0"/>
        <HpDispMode V="0"/>
    </Layout>
    <OrgFieldDisplay ShowPhoto="FALSE" NoSize="FALSE" PhotoPos="0" Width="120" Height="60" PhotoLinePos="0" TextVertical="FALSE">
        <OrgField Show="TRUE" ID="1" Name="Name" NameU="Name" Flag="0" Title="FALSE">
            <Value V="" U="STR"/>
            <Font Family="Arial" Size="9" Color="#444444"/>
        </OrgField>
        <OrgField Show="TRUE" ID="2" Name="Title" NameU="Title" Flag="0" Title="FALSE">
            <Value V="" U="STR"/>
            <Font Family="Arial" Size="9" Color="#444444"/>
        </OrgField>
        <OrgField Show="TRUE" ID="6" Name="Department" NameU="Department" Flag="0" Title="FALSE">
            <Value V="" U="STR"/>
            <Font Family="Arial" Size="9" Color="#444444"/>
        </OrgField>
        <OrgField Show="FALSE" ID="7" Name="Email" NameU="Email" Flag="0" Title="FALSE">
            <Value V="" U="STR"/>
            <Font Family="Arial" Size="9" Color="#444444"/>
        </OrgField>
        <OrgField Show="FALSE" ID="8" Name="Work Phone" NameU="WPhone" Flag="0" Title="FALSE">
            <Value V="" U="STR"/>
            <Font Family="Arial" Size="9" Color="#444444"/>
        </OrgField>
    </OrgFieldDisplay>
    <OrgFields/>
    <FillFormat Type="None"/>
    <BGFromTheme V="1"/>
    <PrintSetup FittoSheet="FALSE" Zoom="100" Width="210" Height="297" Unit="mm" LeftMargin="10" RightMargin="10" TopMargin="10" BottomMargin="10"/>
    <Layers>
        <Layer Name="Background" ID="1" Invisible="FALSE" Lock="TRUE" Print="TRUE" Active="FALSE" Background="TRUE" Snap="TRUE"/>
        <Layer Name="Layer-1" ID="2" Invisible="FALSE" Lock="FALSE" Print="TRUE" Active="TRUE" Background="FALSE" Snap="TRUE"/>
    </Layers>
    <Theme ID="36" Name="General">
        <ThemeColor V="83"/>
        <ThemeEffect V="36"/>
        <ThemeText V="3"/>
        <ThemeConnector V="54"/>
    </Theme>
    <MMTheme ID="40" Rainbow="0" Name="Vitality">
        <ThemeColor V="47"/>
        <ThemeEffect V="40"/>
        <ThemeText V="40"/>
        <ThemeShape V="40"/>
    </MMTheme>
    <Shape Type="Group" ID="101" Layer="2" NameU="Node" Name="Node">
        <Transform>
            <Width V="261"/>
            <Height V="148"/>
            <Angle V="0"/>
            <GPinX V="302"/>
            <GPinY V="167"/>
            <LocPinX V="130.5" R="0.5" M="1"/>
            <LocPinY V="74" R="0.5" M="2"/>
            <FlipX V="0"/>
            <FlipY V="0"/>
        </Transform>
        <LevelData>
            <LibId V="22"/>
            <FromLibId V="22"/>
        </LevelData>
        <Numbers>
            <Number>
                <X V="11.84" F="MIN(Width,Height)*0.08"/>
                <Y V="0"/>
                <A V="0"/>
                <B V="0"/>
            </Number>
        </Numbers>
        <Misc/>
        <ShapeFormat QuickMask="51">
            <FillFormat Type="Solid">
                <Color V="#ffffffff"/>
            </FillFormat>
            <LineFormat>
                <LineWeight V="1"/>
                <LineCap V="Flat"/>
                <LinePattern ID="1"/>
                <BeginArrow ID="0" Size="4"/>
                <EndArrow ID="0" Size="4"/>
                <LineFill Type="Solid">
                    <Color V="#ff101843" ThemeColor="5" Shade="90" Ref="#4155c6"/>
                </LineFill>
            </LineFormat>
            <EffectFormat>
                <Shadow Mode="0"/>
            </EffectFormat>
        </ShapeFormat>
        <Texts>
            <Text ID="1" Name="T1" ExtendMode="0">
                <Transform>
                    <Width V="249.16" F="Width-Numbers.X1"/>
                    <Height V="137" F="Height-Numbers.X1"/>
                    <Angle V="0"/>
                    <GPinX V="0"/>
                    <GPinY V="148" R="1" M="2"/>
                    <LocPinX V="0"/>
                    <LocPinY V="136.16" F="Text.T1.Height*1"/>
                    <TxtField V="" U="STR"/>
                </Transform>
                <TextBlock VAlign="Top" TextFormatMask="197632" TabStop="80">
                    <Color V="#ff191919"/>
                    <Character IX="0" Family="Arial" Size="12" Style="1" Color="#191919"/>
                    <Paragraph IX="0" SpLine="100" Align="4" IndFirst="0" IndLeft="0" IndRight="0" SpaceBefore="0" SpaceAfter="0"/>
                    <Margins Left="4" Right="4" Top="4" Bottom="4"/>
                    <Text>
                        <pp PX="0" CX="0">
                            <tp CX="0">Voter Device</tp>
                        </pp>
                    </Text>
                </TextBlock>
            </Text>
        </Texts>
        <Shape Type="Shape" ID="102" Layer="0">
            <Transform>
                <Width V="249.16" F="Parent.Width-Parent.Numbers.X1"/>
                <Height V="136.16" F="Parent.Height-Parent.Numbers.X1"/>
                <Angle V="0"/>
                <GPinX V="0"/>
                <GPinY V="148" R="1" M="4"/>
                <LocPinX V="0"/>
                <LocPinY V="136.16" R="1" M="2"/>
                <FlipX V="0"/>
                <FlipY V="0"/>
            </Transform>
            <Protection>
                <LockWidth V="TRUE"/>
                <LockHeight V="TRUE"/>
                <LockMoveX V="TRUE"/>
                <LockMoveY V="TRUE"/>
                <LockRotate V="TRUE"/>
            </Protection>
            <Misc/>
            <Events>
                <EventDrop V="0" F="0"/>
            </Events>
            <ShapeFormat QuickMask="51">
                <FillFormat Type="Solid">
                    <Color V="#ffffffff"/>
                </FillFormat>
                <LineFormat>
                    <LineWeight V="1"/>
                    <LineCap V="Flat"/>
                    <LinePattern ID="1"/>
                    <BeginArrow ID="0" Size="4"/>
                    <EndArrow ID="0" Size="4"/>
                    <LineFill Type="Solid">
                        <Color V="#ff101843" ThemeColor="5" Shade="90" Ref="#4155c6"/>
                    </LineFill>
                </LineFormat>
                <EffectFormat>
                    <Shadow Mode="0"/>
                </EffectFormat>
            </ShapeFormat>
            <Geometries>
                <Geometry>
                    <NoFill V="0"/>
                    <NoLine V="0"/>
                    <Closed V="1"/>
                    <NoShow V="0"/>
                    <NoSnap V="1"/>
                    <MoveTo>
                        <X V="0"/>
                        <Y V="0"/>
                    </MoveTo>
                    <LineTo>
                        <X V="249.16" R="1" M="1"/>
                        <Y V="0"/>
                    </LineTo>
                    <LineTo>
                        <X V="249.16" R="1" M="1"/>
                        <Y V="136.16" R="1" M="2"/>
                    </LineTo>
                    <LineTo>
                        <X V="0"/>
                        <Y V="136.16" R="1" M="2"/>
                    </LineTo>
                </Geometry>
            </Geometries>
            <TextAdjustSize V="0"/>
            <WordWrap V="TRUE"/>
        </Shape>
        <Shape Type="Shape" ID="103" Layer="0">
            <Transform>
                <Width V="261" R="1" M="3"/>
                <Height V="11.84" F="Parent.Numbers.X1"/>
                <Angle V="0"/>
                <GPinX V="0"/>
                <GPinY V="0"/>
                <LocPinX V="0"/>
                <LocPinY V="0"/>
                <FlipX V="0"/>
                <FlipY V="0"/>
            </Transform>
            <Protection>
                <LockWidth V="TRUE"/>
                <LockHeight V="TRUE"/>
                <LockMoveX V="TRUE"/>
                <LockMoveY V="TRUE"/>
                <LockRotate V="TRUE"/>
            </Protection>
            <Misc/>
            <Events>
                <EventDrop V="0" F="0"/>
            </Events>
            <ShapeFormat QuickMask="51">
                <FillFormat Type="Solid">
                    <Color V="#ffffffff"/>
                </FillFormat>
                <LineFormat>
                    <LineWeight V="1"/>
                    <LineCap V="Flat"/>
                    <LinePattern ID="1"/>
                    <BeginArrow ID="0" Size="4"/>
                    <EndArrow ID="0" Size="4"/>
                    <LineFill Type="Solid">
                        <Color V="#ff101843" ThemeColor="5" Shade="90" Ref="#4155c6"/>
                    </LineFill>
                </LineFormat>
                <EffectFormat>
                    <Shadow Mode="0"/>
                </EffectFormat>
            </ShapeFormat>
            <Geometries>
                <Geometry>
                    <NoFill V="0"/>
                    <NoLine V="0"/>
                    <Closed V="1"/>
                    <NoShow V="0"/>
                    <NoSnap V="0"/>
                    <MoveTo>
                        <X V="11.84" F="Parent.Numbers.X1"/>
                        <Y V="0"/>
                    </MoveTo>
                    <LineTo>
                        <X V="261" R="1" M="1"/>
                        <Y V="0"/>
                    </LineTo>
                    <LineTo>
                        <X V="249.16" F="Width-Parent.Numbers.X1"/>
                        <Y V="11.84" R="1" M="2"/>
                    </LineTo>
                    <LineTo>
                        <X V="0"/>
                        <Y V="11.84" R="1" M="2"/>
                    </LineTo>
                </Geometry>
            </Geometries>
            <TextAdjustSize V="0"/>
            <WordWrap V="TRUE"/>
        </Shape>
        <Shape Type="Shape" ID="104" Layer="0">
            <Transform>
                <Width V="11.84" F="Parent.Numbers.X1"/>
                <Height V="148" R="1" M="4"/>
                <Angle V="0"/>
                <GPinX V="261" R="1" M="3"/>
                <GPinY V="0"/>
                <LocPinX V="11.84" R="1" M="1"/>
                <LocPinY V="0"/>
                <FlipX V="0"/>
                <FlipY V="0"/>
            </Transform>
            <Protection>
                <LockWidth V="TRUE"/>
                <LockHeight V="TRUE"/>
                <LockMoveX V="TRUE"/>
                <LockMoveY V="TRUE"/>
                <LockRotate V="TRUE"/>
            </Protection>
            <Misc/>
            <Events>
                <EventDrop V="0" F="0"/>
            </Events>
            <ShapeFormat QuickMask="51">
                <FillFormat Type="Solid">
                    <Color V="#ffffffff"/>
                </FillFormat>
                <LineFormat>
                    <LineWeight V="1"/>
                    <LineCap V="Flat"/>
                    <LinePattern ID="1"/>
                    <BeginArrow ID="0" Size="4"/>
                    <EndArrow ID="0" Size="4"/>
                    <LineFill Type="Solid">
                        <Color V="#ff101843" ThemeColor="5" Shade="90" Ref="#4155c6"/>
                    </LineFill>
                </LineFormat>
                <EffectFormat>
                    <Shadow Mode="0"/>
                </EffectFormat>
            </ShapeFormat>
            <Geometries>
                <Geometry>
                    <NoFill V="0"/>
                    <NoLine V="0"/>
                    <Closed V="1"/>
                    <NoShow V="0"/>
                    <NoSnap V="0"/>
                    <MoveTo>
                        <X V="0"/>
                        <Y V="11.84" F="Parent.Numbers.X1"/>
                    </MoveTo>
                    <LineTo>
                        <X V="11.84" R="1" M="1"/>
                        <Y V="0"/>
                    </LineTo>
                    <LineTo>
                        <X V="11.84" R="1" M="1"/>
                        <Y V="136.16" F="Height-Parent.Numbers.X1"/>
                    </LineTo>
                    <LineTo>
                        <X V="0"/>
                        <Y V="148" R="1" M="2"/>
                    </LineTo>
                </Geometry>
            </Geometries>
            <TextAdjustSize V="0"/>
            <WordWrap V="TRUE"/>
        </Shape>
        <GroupProps>
            <SelectMode V="1"/>
            <GroupShadow V="FALSE"/>
        </GroupProps>
    </Shape>
    <Shape Type="Group" ID="105" Layer="2" NameU="Node" Name="Node">
        <Transform>
            <Width V="246"/>
            <Height V="148"/>
            <Angle V="0"/>
            <GPinX V="309.5"/>
            <GPinY V="396.85"/>
            <LocPinX V="123" R="0.5" M="1"/>
            <LocPinY V="74" R="0.5" M="2"/>
            <FlipX V="0"/>
            <FlipY V="0"/>
        </Transform>
        <LevelData>
            <LibId V="22"/>
            <FromLibId V="22"/>
        </LevelData>
        <Numbers>
            <Number>
                <X V="11.84" F="MIN(Width,Height)*0.08"/>
                <Y V="0"/>
                <A V="0"/>
                <B V="0"/>
            </Number>
        </Numbers>
        <Misc/>
        <ShapeFormat QuickMask="51">
            <FillFormat Type="Solid">
                <Color V="#ffffffff"/>
            </FillFormat>
            <LineFormat>
                <LineWeight V="1"/>
                <LineCap V="Flat"/>
                <LinePattern ID="1"/>
                <BeginArrow ID="0" Size="4"/>
                <EndArrow ID="0" Size="4"/>
                <LineFill Type="Solid">
                    <Color V="#ff101843" ThemeColor="5" Shade="90" Ref="#4155c6"/>
                </LineFill>
            </LineFormat>
            <EffectFormat>
                <Shadow Mode="0"/>
            </EffectFormat>
        </ShapeFormat>
        <Texts>
            <Text ID="1" Name="T1" ExtendMode="0">
                <Transform>
                    <Width V="234.16" F="Width-Numbers.X1"/>
                    <Height V="137" F="Height-Numbers.X1"/>
                    <Angle V="0"/>
                    <GPinX V="0"/>
                    <GPinY V="148" R="1" M="2"/>
                    <LocPinX V="0"/>
                    <LocPinY V="136.16" F="Text.T1.Height*1"/>
                    <TxtField V="" U="STR"/>
                </Transform>
                <TextBlock VAlign="Top" TextFormatMask="197632" TabStop="80">
                    <Color V="#ff191919"/>
                    <Character IX="0" Family="Arial" Size="12" Style="1" Color="#191919"/>
                    <Paragraph IX="0" SpLine="100" Align="4" IndFirst="0" IndLeft="0" IndRight="0" SpaceBefore="0" SpaceAfter="0"/>
                    <Margins Left="4" Right="4" Top="4" Bottom="4"/>
                    <Text>
                        <pp PX="0" CX="0">
                            <tp CX="0">Voting Server</tp>
                        </pp>
                    </Text>
                </TextBlock>
            </Text>
        </Texts>
        <Shape Type="Shape" ID="106" Layer="0">
            <Transform>
                <Width V="234.16" F="Parent.Width-Parent.Numbers.X1"/>
                <Height V="136.16" F="Parent.Height-Parent.Numbers.X1"/>
                <Angle V="0"/>
                <GPinX V="0"/>
                <GPinY V="148" R="1" M="4"/>
                <LocPinX V="0"/>
                <LocPinY V="136.16" R="1" M="2"/>
                <FlipX V="0"/>
                <FlipY V="0"/>
            </Transform>
            <Protection>
                <LockWidth V="TRUE"/>
                <LockHeight V="TRUE"/>
                <LockMoveX V="TRUE"/>
                <LockMoveY V="TRUE"/>
                <LockRotate V="TRUE"/>
            </Protection>
            <Misc/>
            <Events>
                <EventDrop V="0" F="0"/>
            </Events>
            <ShapeFormat QuickMask="51">
                <FillFormat Type="Solid">
                    <Color V="#ffffffff"/>
                </FillFormat>
                <LineFormat>
                    <LineWeight V="1"/>
                    <LineCap V="Flat"/>
                    <LinePattern ID="1"/>
                    <BeginArrow ID="0" Size="4"/>
                    <EndArrow ID="0" Size="4"/>
                    <LineFill Type="Solid">
                        <Color V="#ff101843" ThemeColor="5" Shade="90" Ref="#4155c6"/>
                    </LineFill>
                </LineFormat>
                <EffectFormat>
                    <Shadow Mode="0"/>
                </EffectFormat>
            </ShapeFormat>
            <Geometries>
                <Geometry>
                    <NoFill V="0"/>
                    <NoLine V="0"/>
                    <Closed V="1"/>
                    <NoShow V="0"/>
                    <NoSnap V="1"/>
                    <MoveTo>
                        <X V="0"/>
                        <Y V="0"/>
                    </MoveTo>
                    <LineTo>
                        <X V="234.16" R="1" M="1"/>
                        <Y V="0"/>
                    </LineTo>
                    <LineTo>
                        <X V="234.16" R="1" M="1"/>
                        <Y V="136.16" R="1" M="2"/>
                    </LineTo>
                    <LineTo>
                        <X V="0"/>
                        <Y V="136.16" R="1" M="2"/>
                    </LineTo>
                </Geometry>
            </Geometries>
            <TextAdjustSize V="0"/>
            <WordWrap V="TRUE"/>
        </Shape>
        <Shape Type="Shape" ID="107" Layer="0">
            <Transform>
                <Width V="246" R="1" M="3"/>
                <Height V="11.84" F="Parent.Numbers.X1"/>
                <Angle V="0"/>
                <GPinX V="0"/>
                <GPinY V="0"/>
                <LocPinX V="0"/>
                <LocPinY V="0"/>
                <FlipX V="0"/>
                <FlipY V="0"/>
            </Transform>
            <Protection>
                <LockWidth V="TRUE"/>
                <LockHeight V="TRUE"/>
                <LockMoveX V="TRUE"/>
                <LockMoveY V="TRUE"/>
                <LockRotate V="TRUE"/>
            </Protection>
            <Misc/>
            <Events>
                <EventDrop V="0" F="0"/>
            </Events>
            <ShapeFormat QuickMask="51">
                <FillFormat Type="Solid">
                    <Color V="#ffffffff"/>
                </FillFormat>
                <LineFormat>
                    <LineWeight V="1"/>
                    <LineCap V="Flat"/>
                    <LinePattern ID="1"/>
                    <BeginArrow ID="0" Size="4"/>
                    <EndArrow ID="0" Size="4"/>
                    <LineFill Type="Solid">
                        <Color V="#ff101843" ThemeColor="5" Shade="90" Ref="#4155c6"/>
                    </LineFill>
                </LineFormat>
                <EffectFormat>
                    <Shadow Mode="0"/>
                </EffectFormat>
            </ShapeFormat>
            <Geometries>
                <Geometry>
                    <NoFill V="0"/>
                    <NoLine V="0"/>
                    <Closed V="1"/>
                    <NoShow V="0"/>
                    <NoSnap V="0"/>
                    <MoveTo>
                        <X V="11.84" F="Parent.Numbers.X1"/>
                        <Y V="0"/>
                    </MoveTo>
                    <LineTo>
                        <X V="246" R="1" M="1"/>
                        <Y V="0"/>
                    </LineTo>
                    <LineTo>
                        <X V="234.16" F="Width-Parent.Numbers.X1"/>
                        <Y V="11.84" R="1" M="2"/>
                    </LineTo>
                    <LineTo>
                        <X V="0"/>
                        <Y V="11.84" R="1" M="2"/>
                    </LineTo>
                </Geometry>
            </Geometries>
            <TextAdjustSize V="0"/>
            <WordWrap V="TRUE"/>
        </Shape>
        <Shape Type="Shape" ID="108" Layer="0">
            <Transform>
                <Width V="11.84" F="Parent.Numbers.X1"/>
                <Height V="148" R="1" M="4"/>
                <Angle V="0"/>
                <GPinX V="246" R="1" M="3"/>
                <GPinY V="0"/>
                <LocPinX V="11.84" R="1" M="1"/>
                <LocPinY V="0"/>
                <FlipX V="0"/>
                <FlipY V="0"/>
            </Transform>
            <Protection>
                <LockWidth V="TRUE"/>
                <LockHeight V="TRUE"/>
                <LockMoveX V="TRUE"/>
                <LockMoveY V="TRUE"/>
                <LockRotate V="TRUE"/>
            </Protection>
            <Misc/>
            <Events>
                <EventDrop V="0" F="0"/>
            </Events>
            <ShapeFormat QuickMask="51">
                <FillFormat Type="Solid">
                    <Color V="#ffffffff"/>
                </FillFormat>
                <LineFormat>
                    <LineWeight V="1"/>
                    <LineCap V="Flat"/>
                    <LinePattern ID="1"/>
                    <BeginArrow ID="0" Size="4"/>
                    <EndArrow ID="0" Size="4"/>
                    <LineFill Type="Solid">
                        <Color V="#ff101843" ThemeColor="5" Shade="90" Ref="#4155c6"/>
                    </LineFill>
                </LineFormat>
                <EffectFormat>
                    <Shadow Mode="0"/>
                </EffectFormat>
            </ShapeFormat>
            <Geometries>
                <Geometry>
                    <NoFill V="0"/>
                    <NoLine V="0"/>
                    <Closed V="1"/>
                    <NoShow V="0"/>
                    <NoSnap V="0"/>
                    <MoveTo>
                        <X V="0"/>
                        <Y V="11.84" F="Parent.Numbers.X1"/>
                    </MoveTo>
                    <LineTo>
                        <X V="11.84" R="1" M="1"/>
                        <Y V="0"/>
                    </LineTo>
                    <LineTo>
                        <X V="11.84" R="1" M="1"/>
                        <Y V="136.16" F="Height-Parent.Numbers.X1"/>
                    </LineTo>
                    <LineTo>
                        <X V="0"/>
                        <Y V="148" R="1" M="2"/>
                    </LineTo>
                </Geometry>
            </Geometries>
            <TextAdjustSize V="0"/>
            <WordWrap V="TRUE"/>
        </Shape>
        <GroupProps>
            <SelectMode V="1"/>
            <GroupShadow V="FALSE"/>
        </GroupProps>
    </Shape>
    <Shape Type="Group" ID="109" Layer="2" NameU="Node" Name="Node">
        <Transform>
            <Width V="262.5"/>
            <Height V="161"/>
            <Angle V="0"/>
            <GPinX V="317.75"/>
            <GPinY V="628.5"/>
            <LocPinX V="131.25" R="0.5" M="1"/>
            <LocPinY V="80.5" R="0.5" M="2"/>
            <FlipX V="0"/>
            <FlipY V="0"/>
        </Transform>
        <LevelData>
            <LibId V="22"/>
            <FromLibId V="22"/>
        </LevelData>
        <Numbers>
            <Number>
                <X V="12.88" F="MIN(Width,Height)*0.08"/>
                <Y V="0"/>
                <A V="0"/>
                <B V="0"/>
            </Number>
        </Numbers>
        <Misc/>
        <ShapeFormat QuickMask="51">
            <FillFormat Type="Solid">
                <Color V="#ffffffff"/>
            </FillFormat>
            <LineFormat>
                <LineWeight V="1"/>
                <LineCap V="Flat"/>
                <LinePattern ID="1"/>
                <BeginArrow ID="0" Size="4"/>
                <EndArrow ID="0" Size="4"/>
                <LineFill Type="Solid">
                    <Color V="#ff101843" ThemeColor="5" Shade="90" Ref="#4155c6"/>
                </LineFill>
            </LineFormat>
            <EffectFormat>
                <Shadow Mode="0"/>
            </EffectFormat>
        </ShapeFormat>
        <Texts>
            <Text ID="1" Name="T1" ExtendMode="0">
                <Transform>
                    <Width V="249.62" F="Width-Numbers.X1"/>
                    <Height V="149" F="Height-Numbers.X1"/>
                    <Angle V="0"/>
                    <GPinX V="0"/>
                    <GPinY V="161" R="1" M="2"/>
                    <LocPinX V="0"/>
                    <LocPinY V="148.12" F="Text.T1.Height*1"/>
                    <TxtField V="" U="STR"/>
                </Transform>
                <TextBlock VAlign="Top" TextFormatMask="197632" TabStop="80">
                    <Color V="#ff191919"/>
                    <Character IX="0" Family="Arial" Size="12" Style="1" Color="#191919"/>
                    <Paragraph IX="0" SpLine="100" Align="4" IndFirst="0" IndLeft="0" IndRight="0" SpaceBefore="0" SpaceAfter="0"/>
                    <Margins Left="4" Right="4" Top="4" Bottom="4"/>
                    <Text>
                        <pp PX="0" CX="0">
                            <tp CX="0">Blockchain Network</tp>
                        </pp>
                    </Text>
                </TextBlock>
            </Text>
        </Texts>
        <Shape Type="Shape" ID="110" Layer="0">
            <Transform>
                <Width V="249.62" F="Parent.Width-Parent.Numbers.X1"/>
                <Height V="148.12" F="Parent.Height-Parent.Numbers.X1"/>
                <Angle V="0"/>
                <GPinX V="0"/>
                <GPinY V="161" R="1" M="4"/>
                <LocPinX V="0"/>
                <LocPinY V="148.12" R="1" M="2"/>
                <FlipX V="0"/>
                <FlipY V="0"/>
            </Transform>
            <Protection>
                <LockWidth V="TRUE"/>
                <LockHeight V="TRUE"/>
                <LockMoveX V="TRUE"/>
                <LockMoveY V="TRUE"/>
                <LockRotate V="TRUE"/>
            </Protection>
            <Misc/>
            <Events>
                <EventDrop V="0" F="0"/>
            </Events>
            <ShapeFormat QuickMask="51">
                <FillFormat Type="Solid">
                    <Color V="#ffffffff"/>
                </FillFormat>
                <LineFormat>
                    <LineWeight V="1"/>
                    <LineCap V="Flat"/>
                    <LinePattern ID="1"/>
                    <BeginArrow ID="0" Size="4"/>
                    <EndArrow ID="0" Size="4"/>
                    <LineFill Type="Solid">
                        <Color V="#ff101843" ThemeColor="5" Shade="90" Ref="#4155c6"/>
                    </LineFill>
                </LineFormat>
                <EffectFormat>
                    <Shadow Mode="0"/>
                </EffectFormat>
            </ShapeFormat>
            <Geometries>
                <Geometry>
                    <NoFill V="0"/>
                    <NoLine V="0"/>
                    <Closed V="1"/>
                    <NoShow V="0"/>
                    <NoSnap V="1"/>
                    <MoveTo>
                        <X V="0"/>
                        <Y V="0"/>
                    </MoveTo>
                    <LineTo>
                        <X V="249.62" R="1" M="1"/>
                        <Y V="0"/>
                    </LineTo>
                    <LineTo>
                        <X V="249.62" R="1" M="1"/>
                        <Y V="148.12" R="1" M="2"/>
                    </LineTo>
                    <LineTo>
                        <X V="0"/>
                        <Y V="148.12" R="1" M="2"/>
                    </LineTo>
                </Geometry>
            </Geometries>
            <TextAdjustSize V="0"/>
            <WordWrap V="TRUE"/>
        </Shape>
        <Shape Type="Shape" ID="111" Layer="0">
            <Transform>
                <Width V="262.5" R="1" M="3"/>
                <Height V="12.88" F="Parent.Numbers.X1"/>
                <Angle V="0"/>
                <GPinX V="0"/>
                <GPinY V="0"/>
                <LocPinX V="0"/>
                <LocPinY V="0"/>
                <FlipX V="0"/>
                <FlipY V="0"/>
            </Transform>
            <Protection>
                <LockWidth V="TRUE"/>
                <LockHeight V="TRUE"/>
                <LockMoveX V="TRUE"/>
                <LockMoveY V="TRUE"/>
                <LockRotate V="TRUE"/>
            </Protection>
            <Misc/>
            <Events>
                <EventDrop V="0" F="0"/>
            </Events>
            <ShapeFormat QuickMask="51">
                <FillFormat Type="Solid">
                    <Color V="#ffffffff"/>
                </FillFormat>
                <LineFormat>
                    <LineWeight V="1"/>
                    <LineCap V="Flat"/>
                    <LinePattern ID="1"/>
                    <BeginArrow ID="0" Size="4"/>
                    <EndArrow ID="0" Size="4"/>
                    <LineFill Type="Solid">
                        <Color V="#ff101843" ThemeColor="5" Shade="90" Ref="#4155c6"/>
                    </LineFill>
                </LineFormat>
                <EffectFormat>
                    <Shadow Mode="0"/>
                </EffectFormat>
            </ShapeFormat>
            <Geometries>
                <Geometry>
                    <NoFill V="0"/>
                    <NoLine V="0"/>
                    <Closed V="1"/>
                    <NoShow V="0"/>
                    <NoSnap V="0"/>
                    <MoveTo>
                        <X V="12.88" F="Parent.Numbers.X1"/>
                        <Y V="0"/>
                    </MoveTo>
                    <LineTo>
                        <X V="262.5" R="1" M="1"/>
                        <Y V="0"/>
                    </LineTo>
                    <LineTo>
                        <X V="249.62" F="Width-Parent.Numbers.X1"/>
                        <Y V="12.88" R="1" M="2"/>
                    </LineTo>
                    <LineTo>
                        <X V="0"/>
                        <Y V="12.88" R="1" M="2"/>
                    </LineTo>
                </Geometry>
            </Geometries>
            <TextAdjustSize V="0"/>
            <WordWrap V="TRUE"/>
        </Shape>
        <Shape Type="Shape" ID="112" Layer="0">
            <Transform>
                <Width V="12.88" F="Parent.Numbers.X1"/>
                <Height V="161" R="1" M="4"/>
                <Angle V="0"/>
                <GPinX V="262.5" R="1" M="3"/>
                <GPinY V="0"/>
                <LocPinX V="12.88" R="1" M="1"/>
                <LocPinY V="0"/>
                <FlipX V="0"/>
                <FlipY V="0"/>
            </Transform>
            <Protection>
                <LockWidth V="TRUE"/>
                <LockHeight V="TRUE"/>
                <LockMoveX V="TRUE"/>
                <LockMoveY V="TRUE"/>
                <LockRotate V="TRUE"/>
            </Protection>
            <Misc/>
            <Events>
                <EventDrop V="0" F="0"/>
            </Events>
            <ShapeFormat QuickMask="51">
                <FillFormat Type="Solid">
                    <Color V="#ffffffff"/>
                </FillFormat>
                <LineFormat>
                    <LineWeight V="1"/>
                    <LineCap V="Flat"/>
                    <LinePattern ID="1"/>
                    <BeginArrow ID="0" Size="4"/>
                    <EndArrow ID="0" Size="4"/>
                    <LineFill Type="Solid">
                        <Color V="#ff101843" ThemeColor="5" Shade="90" Ref="#4155c6"/>
                    </LineFill>
                </LineFormat>
                <EffectFormat>
                    <Shadow Mode="0"/>
                </EffectFormat>
            </ShapeFormat>
            <Geometries>
                <Geometry>
                    <NoFill V="0"/>
                    <NoLine V="0"/>
                    <Closed V="1"/>
                    <NoShow V="0"/>
                    <NoSnap V="0"/>
                    <MoveTo>
                        <X V="0"/>
                        <Y V="12.88" F="Parent.Numbers.X1"/>
                    </MoveTo>
                    <LineTo>
                        <X V="12.88" R="1" M="1"/>
                        <Y V="0"/>
                    </LineTo>
                    <LineTo>
                        <X V="12.88" R="1" M="1"/>
                        <Y V="148.12" F="Height-Parent.Numbers.X1"/>
                    </LineTo>
                    <LineTo>
                        <X V="0"/>
                        <Y V="161" R="1" M="2"/>
                    </LineTo>
                </Geometry>
            </Geometries>
            <TextAdjustSize V="0"/>
            <WordWrap V="TRUE"/>
        </Shape>
        <GroupProps>
            <SelectMode V="1"/>
            <GroupShadow V="FALSE"/>
        </GroupProps>
    </Shape>
    <Shape Type="Group" ID="113" Layer="2" NameU="Component">
        <Transform>
            <Width V="160"/>
            <Height V="52"/>
            <Angle V="0"/>
            <GPinX V="288"/>
            <GPinY V="170"/>
            <LocPinX V="80" R="0.5" M="1"/>
            <LocPinY V="26" R="0.5" M="2"/>
            <FlipX V="0"/>
            <FlipY V="0"/>
        </Transform>
        <LevelData>
            <LibId V="22"/>
            <FromLibId V="22"/>
        </LevelData>
        <CPoints>
            <CPoint Name="Pt1" ID="1" Type="0">
                <X V="0"/>
                <Y V="26" R="0.5" M="2"/>
            </CPoint>
            <CPoint Name="Pt2" ID="2" Type="0">
                <X V="80" R="0.5" M="1"/>
                <Y V="0"/>
            </CPoint>
            <CPoint Name="Pt3" ID="3" Type="0">
                <X V="160" R="1" M="1"/>
                <Y V="26" R="0.5" M="2"/>
            </CPoint>
            <CPoint Name="Pt4" ID="4" Type="0">
                <X V="80" R="0.5" M="1"/>
                <Y V="52" R="1" M="2"/>
            </CPoint>
        </CPoints>
        <Misc/>
        <ShapeFormat QuickMask="51">
            <FillFormat Type="Solid">
                <Color V="#ffffffff"/>
            </FillFormat>
            <LineFormat>
                <LineWeight V="1"/>
                <LineCap V="Flat"/>
                <LinePattern ID="1"/>
                <BeginArrow ID="0" Size="4"/>
                <EndArrow ID="0" Size="4"/>
                <LineFill Type="Solid">
                    <Color V="#ff101843" ThemeColor="5" Shade="90" Ref="#4155c6"/>
                </LineFill>
            </LineFormat>
            <EffectFormat>
                <Shadow Mode="0"/>
            </EffectFormat>
        </ShapeFormat>
        <Texts>
            <Text ID="1" Name="T1" ExtendMode="0">
                <Transform>
                    <Width V="160" R="1" M="1"/>
                    <Height V="52" R="1" M="2"/>
                    <Angle V="0"/>
                    <GPinX V="0"/>
                    <GPinY V="26" R="0.5" M="2"/>
                    <LocPinX V="0"/>
                    <LocPinY V="26" F="Text.T1.Height*0.5"/>
                    <TxtField V="" U="STR"/>
                </Transform>
                <TextBlock VAlign="Center" TextFormatMask="196608" TabStop="80">
                    <Color V="#ff191919"/>
                    <Character IX="0" Family="Arial" Size="12" Color="#191919"/>
                    <Paragraph IX="0" SpLine="100" Align="4" IndFirst="0" IndLeft="0" IndRight="0" SpaceBefore="0" SpaceAfter="0"/>
                    <Margins Left="4" Right="4" Top="4" Bottom="4"/>
                    <Text>
                        <pp PX="0" CX="0">
                            <tp CX="0">Voter Interface</tp>
                        </pp>
                    </Text>
                </TextBlock>
            </Text>
        </Texts>
        <Shape Type="Shape" ID="114" Layer="0">
            <Transform>
                <Width V="160" R="1" M="3"/>
                <Height V="52" R="1" M="4"/>
                <Angle V="0"/>
                <GPinX V="80" R="0.5" M="3"/>
                <GPinY V="26" R="0.5" M="4"/>
                <LocPinX V="80" R="0.5" M="1"/>
                <LocPinY V="26" R="0.5" M="2"/>
                <FlipX V="0"/>
                <FlipY V="0"/>
            </Transform>
            <Misc/>
            <Events>
                <EventDrop V="0" F="0"/>
            </Events>
            <ShapeFormat QuickMask="51">
                <FillFormat Type="Solid">
                    <Color V="#ffffffff"/>
                </FillFormat>
                <LineFormat>
                    <LineWeight V="1"/>
                    <LineCap V="Flat"/>
                    <LinePattern ID="1"/>
                    <BeginArrow ID="0" Size="4"/>
                    <EndArrow ID="0" Size="4"/>
                    <LineFill Type="Solid">
                        <Color V="#ff101843" ThemeColor="5" Shade="90" Ref="#4155c6"/>
                    </LineFill>
                </LineFormat>
                <EffectFormat>
                    <Shadow Mode="0"/>
                </EffectFormat>
            </ShapeFormat>
            <Geometries>
                <Geometry>
                    <NoFill V="0"/>
                    <NoLine V="0"/>
                    <Closed V="1"/>
                    <NoShow V="0"/>
                    <NoSnap V="1"/>
                    <MoveTo>
                        <X V="0"/>
                        <Y V="0"/>
                    </MoveTo>
                    <LineTo>
                        <X V="160" R="1" M="1"/>
                        <Y V="0"/>
                    </LineTo>
                    <LineTo>
                        <X V="160" R="1" M="1"/>
                        <Y V="52" R="1" M="2"/>
                    </LineTo>
                    <LineTo>
                        <X V="0"/>
                        <Y V="52" R="1" M="2"/>
                    </LineTo>
                </Geometry>
            </Geometries>
            <TextAdjustSize V="0"/>
            <WordWrap V="TRUE"/>
        </Shape>
        <Shape Type="Group" ID="115" Layer="0">
            <Transform>
                <Width V="20"/>
                <Height V="20"/>
                <Angle V="0"/>
                <GPinX V="142" F="Parent.Width-18"/>
                <GPinY V="20"/>
                <LocPinX V="10" R="0.5" M="1"/>
                <LocPinY V="10" R="0.5" M="2"/>
                <FlipX V="0"/>
                <FlipY V="0"/>
            </Transform>
            <Protection>
                <LockWidth V="TRUE"/>
                <LockHeight V="TRUE"/>
                <LockMoveX V="TRUE"/>
                <LockMoveY V="TRUE"/>
                <LockRotate V="TRUE"/>
            </Protection>
            <Misc/>
            <ShapeFormat QuickMask="51">
                <FillFormat Type="Solid">
                    <Color V="#ffffffff"/>
                </FillFormat>
                <LineFormat>
                    <LineWeight V="1"/>
                    <LineCap V="Flat"/>
                    <LinePattern ID="1"/>
                    <BeginArrow ID="0" Size="4"/>
                    <EndArrow ID="0" Size="4"/>
                    <LineFill Type="Solid">
                        <Color V="#ff101843" ThemeColor="5" Shade="90" Ref="#4155c6"/>
                    </LineFill>
                </LineFormat>
                <EffectFormat>
                    <Shadow Mode="0"/>
                </EffectFormat>
            </ShapeFormat>
            <Shape Type="Rectangle" ID="116" Layer="0">
                <Transform>
                    <Width V="15.2" R="0.76" M="3"/>
                    <Height V="20" R="1" M="4"/>
                    <Angle V="0"/>
                    <GPinX V="20" R="1" M="3"/>
                    <GPinY V="10" R="0.5" M="4"/>
                    <LocPinX V="15.2" R="1" M="1"/>
                    <LocPinY V="10" R="0.5" M="2"/>
                    <FlipX V="0"/>
                    <FlipY V="0"/>
                </Transform>
                <Misc/>
                <ShapeFormat QuickMask="51">
                    <FillFormat Type="Solid">
                        <Color V="#ffffffff"/>
                    </FillFormat>
                    <LineFormat>
                        <LineWeight V="1"/>
                        <LineCap V="Flat"/>
                        <LinePattern ID="1"/>
                        <BeginArrow ID="0" Size="4"/>
                        <EndArrow ID="0" Size="4"/>
                        <LineFill Type="Solid">
                            <Color V="#ff101843" ThemeColor="5" Shade="90" Ref="#4155c6"/>
                        </LineFill>
                    </LineFormat>
                    <EffectFormat>
                        <Shadow Mode="0"/>
                    </EffectFormat>
                </ShapeFormat>
                <Geometries>
                    <Geometry>
                        <NoFill V="0"/>
                        <NoLine V="0"/>
                        <Closed V="1"/>
                        <NoShow V="0"/>
                        <NoSnap V="0"/>
                        <MoveTo>
                            <X V="0"/>
                            <Y V="0"/>
                        </MoveTo>
                        <LineTo>
                            <X V="15.2" R="1" M="1"/>
                            <Y V="0"/>
                        </LineTo>
                        <LineTo>
                            <X V="15.2" R="1" M="1"/>
                            <Y V="20" R="1" M="2"/>
                        </LineTo>
                        <LineTo>
                            <X V="0"/>
                            <Y V="20" R="1" M="2"/>
                        </LineTo>
                    </Geometry>
                </Geometries>
                <TextAdjustSize V="0"/>
                <WordWrap V="TRUE"/>
            </Shape>
            <Shape Type="Rectangle" ID="117" Layer="0">
                <Transform>
                    <Width V="10" R="0.5" M="3"/>
                    <Height V="4" R="0.2" M="4"/>
                    <Angle V="0"/>
                    <GPinX V="5" R="0.25" M="3"/>
                    <GPinY V="5" R="0.25" M="4"/>
                    <LocPinX V="5" R="0.5" M="1"/>
                    <LocPinY V="2" R="0.5" M="2"/>
                    <FlipX V="0"/>
                    <FlipY V="0"/>
                </Transform>
                <Misc/>
                <ShapeFormat QuickMask="51">
                    <FillFormat Type="Solid">
                        <Color V="#ffffffff"/>
                    </FillFormat>
                    <LineFormat>
                        <LineWeight V="1"/>
                        <LineCap V="Flat"/>
                        <LinePattern ID="1"/>
                        <BeginArrow ID="0" Size="4"/>
                        <EndArrow ID="0" Size="4"/>
                        <LineFill Type="Solid">
                            <Color V="#ff101843" ThemeColor="5" Shade="90" Ref="#4155c6"/>
                        </LineFill>
                    </LineFormat>
                    <EffectFormat>
                        <Shadow Mode="0"/>
                    </EffectFormat>
                </ShapeFormat>
                <Geometries>
                    <Geometry>
                        <NoFill V="0"/>
                        <NoLine V="0"/>
                        <Closed V="1"/>
                        <NoShow V="0"/>
                        <NoSnap V="1"/>
                        <MoveTo>
                            <X V="0"/>
                            <Y V="0"/>
                        </MoveTo>
                        <LineTo>
                            <X V="10" R="1" M="1"/>
                            <Y V="0"/>
                        </LineTo>
                        <LineTo>
                            <X V="10" R="1" M="1"/>
                            <Y V="4" R="1" M="2"/>
                        </LineTo>
                        <LineTo>
                            <X V="0"/>
                            <Y V="4" R="1" M="2"/>
                        </LineTo>
                    </Geometry>
                </Geometries>
                <TextAdjustSize V="0"/>
                <WordWrap V="TRUE"/>
            </Shape>
            <Shape Type="Rectangle" ID="118" Layer="0">
                <Transform>
                    <Width V="10" R="0.5" M="3"/>
                    <Height V="4" R="0.2" M="4"/>
                    <Angle V="0"/>
                    <GPinX V="5" R="0.25" M="3"/>
                    <GPinY V="15" R="0.75" M="4"/>
                    <LocPinX V="5" R="0.5" M="1"/>
                    <LocPinY V="2" R="0.5" M="2"/>
                    <FlipX V="0"/>
                    <FlipY V="0"/>
                </Transform>
                <Misc/>
                <ShapeFormat QuickMask="51">
                    <FillFormat Type="Solid">
                        <Color V="#ffffffff"/>
                    </FillFormat>
                    <LineFormat>
                        <LineWeight V="1"/>
                        <LineCap V="Flat"/>
                        <LinePattern ID="1"/>
                        <BeginArrow ID="0" Size="4"/>
                        <EndArrow ID="0" Size="4"/>
                        <LineFill Type="Solid">
                            <Color V="#ff101843" ThemeColor="5" Shade="90" Ref="#4155c6"/>
                        </LineFill>
                    </LineFormat>
                    <EffectFormat>
                        <Shadow Mode="0"/>
                    </EffectFormat>
                </ShapeFormat>
                <Geometries>
                    <Geometry>
                        <NoFill V="0"/>
                        <NoLine V="0"/>
                        <Closed V="1"/>
                        <NoShow V="0"/>
                        <NoSnap V="0"/>
                        <MoveTo>
                            <X V="0"/>
                            <Y V="0"/>
                        </MoveTo>
                        <LineTo>
                            <X V="10" R="1" M="1"/>
                            <Y V="0"/>
                        </LineTo>
                        <LineTo>
                            <X V="10" R="1" M="1"/>
                            <Y V="4" R="1" M="2"/>
                        </LineTo>
                        <LineTo>
                            <X V="0"/>
                            <Y V="4" R="1" M="2"/>
                        </LineTo>
                    </Geometry>
                </Geometries>
                <TextAdjustSize V="0"/>
                <WordWrap V="TRUE"/>
            </Shape>
            <GroupProps>
                <SelectMode V="1"/>
                <GroupShadow V="FALSE"/>
            </GroupProps>
        </Shape>
        <GroupProps>
            <SelectMode V="0"/>
            <GroupShadow V="FALSE"/>
        </GroupProps>
    </Shape>
    <Shape Type="Group" ID="119" Layer="2" NameU="Component">
        <Transform>
            <Width V="160"/>
            <Height V="52"/>
            <Angle V="0"/>
            <GPinX V="302"/>
            <GPinY V="404"/>
            <LocPinX V="80" R="0.5" M="1"/>
            <LocPinY V="26" R="0.5" M="2"/>
            <FlipX V="0"/>
            <FlipY V="0"/>
        </Transform>
        <LevelData>
            <LibId V="22"/>
            <FromLibId V="22"/>
        </LevelData>
        <CPoints>
            <CPoint Name="Pt1" ID="1" Type="0">
                <X V="0"/>
                <Y V="26" R="0.5" M="2"/>
            </CPoint>
            <CPoint Name="Pt2" ID="2" Type="0">
                <X V="80" R="0.5" M="1"/>
                <Y V="0"/>
            </CPoint>
            <CPoint Name="Pt3" ID="3" Type="0">
                <X V="160" R="1" M="1"/>
                <Y V="26" R="0.5" M="2"/>
            </CPoint>
            <CPoint Name="Pt4" ID="4" Type="0">
                <X V="80" R="0.5" M="1"/>
                <Y V="52" R="1" M="2"/>
            </CPoint>
        </CPoints>
        <Misc/>
        <ShapeFormat QuickMask="51">
            <FillFormat Type="Solid">
                <Color V="#ffffffff"/>
            </FillFormat>
            <LineFormat>
                <LineWeight V="1"/>
                <LineCap V="Flat"/>
                <LinePattern ID="1"/>
                <BeginArrow ID="0" Size="4"/>
                <EndArrow ID="0" Size="4"/>
                <LineFill Type="Solid">
                    <Color V="#ff101843" ThemeColor="5" Shade="90" Ref="#4155c6"/>
                </LineFill>
            </LineFormat>
            <EffectFormat>
                <Shadow Mode="0"/>
            </EffectFormat>
        </ShapeFormat>
        <Texts>
            <Text ID="1" Name="T1" ExtendMode="0">
                <Transform>
                    <Width V="160" R="1" M="1"/>
                    <Height V="52" R="1" M="2"/>
                    <Angle V="0"/>
                    <GPinX V="0"/>
                    <GPinY V="26" R="0.5" M="2"/>
                    <LocPinX V="0"/>
                    <LocPinY V="26" F="Text.T1.Height*0.5"/>
                    <TxtField V="" U="STR"/>
                </Transform>
                <TextBlock VAlign="Center" TextFormatMask="196608" TabStop="80">
                    <Color V="#ff191919"/>
                    <Character IX="0" Family="Arial" Size="12" Color="#191919"/>
                    <Paragraph IX="0" SpLine="100" Align="4" IndFirst="0" IndLeft="0" IndRight="0" SpaceBefore="0" SpaceAfter="0"/>
                    <Margins Left="4" Right="4" Top="4" Bottom="4"/>
                    <Text>
                        <pp PX="0" CX="0">
                            <tp CX="0">Voting app</tp>
                        </pp>
                    </Text>
                </TextBlock>
            </Text>
        </Texts>
        <Shape Type="Shape" ID="120" Layer="0">
            <Transform>
                <Width V="160" R="1" M="3"/>
                <Height V="52" R="1" M="4"/>
                <Angle V="0"/>
                <GPinX V="80" R="0.5" M="3"/>
                <GPinY V="26" R="0.5" M="4"/>
                <LocPinX V="80" R="0.5" M="1"/>
                <LocPinY V="26" R="0.5" M="2"/>
                <FlipX V="0"/>
                <FlipY V="0"/>
            </Transform>
            <Misc/>
            <Events>
                <EventDrop V="0" F="0"/>
            </Events>
            <ShapeFormat QuickMask="51">
                <FillFormat Type="Solid">
                    <Color V="#ffffffff"/>
                </FillFormat>
                <LineFormat>
                    <LineWeight V="1"/>
                    <LineCap V="Flat"/>
                    <LinePattern ID="1"/>
                    <BeginArrow ID="0" Size="4"/>
                    <EndArrow ID="0" Size="4"/>
                    <LineFill Type="Solid">
                        <Color V="#ff101843" ThemeColor="5" Shade="90" Ref="#4155c6"/>
                    </LineFill>
                </LineFormat>
                <EffectFormat>
                    <Shadow Mode="0"/>
                </EffectFormat>
            </ShapeFormat>
            <Geometries>
                <Geometry>
                    <NoFill V="0"/>
                    <NoLine V="0"/>
                    <Closed V="1"/>
                    <NoShow V="0"/>
                    <NoSnap V="1"/>
                    <MoveTo>
                        <X V="0"/>
                        <Y V="0"/>
                    </MoveTo>
                    <LineTo>
                        <X V="160" R="1" M="1"/>
                        <Y V="0"/>
                    </LineTo>
                    <LineTo>
                        <X V="160" R="1" M="1"/>
                        <Y V="52" R="1" M="2"/>
                    </LineTo>
                    <LineTo>
                        <X V="0"/>
                        <Y V="52" R="1" M="2"/>
                    </LineTo>
                </Geometry>
            </Geometries>
            <TextAdjustSize V="0"/>
            <WordWrap V="TRUE"/>
        </Shape>
        <Shape Type="Group" ID="121" Layer="0">
            <Transform>
                <Width V="20"/>
                <Height V="20"/>
                <Angle V="0"/>
                <GPinX V="142" F="Parent.Width-18"/>
                <GPinY V="20"/>
                <LocPinX V="10" R="0.5" M="1"/>
                <LocPinY V="10" R="0.5" M="2"/>
                <FlipX V="0"/>
                <FlipY V="0"/>
            </Transform>
            <Protection>
                <LockWidth V="TRUE"/>
                <LockHeight V="TRUE"/>
                <LockMoveX V="TRUE"/>
                <LockMoveY V="TRUE"/>
                <LockRotate V="TRUE"/>
            </Protection>
            <Misc/>
            <ShapeFormat QuickMask="51">
                <FillFormat Type="Solid">
                    <Color V="#ffffffff"/>
                </FillFormat>
                <LineFormat>
                    <LineWeight V="1"/>
                    <LineCap V="Flat"/>
                    <LinePattern ID="1"/>
                    <BeginArrow ID="0" Size="4"/>
                    <EndArrow ID="0" Size="4"/>
                    <LineFill Type="Solid">
                        <Color V="#ff101843" ThemeColor="5" Shade="90" Ref="#4155c6"/>
                    </LineFill>
                </LineFormat>
                <EffectFormat>
                    <Shadow Mode="0"/>
                </EffectFormat>
            </ShapeFormat>
            <Shape Type="Rectangle" ID="122" Layer="0">
                <Transform>
                    <Width V="15.2" R="0.76" M="3"/>
                    <Height V="20" R="1" M="4"/>
                    <Angle V="0"/>
                    <GPinX V="20" R="1" M="3"/>
                    <GPinY V="10" R="0.5" M="4"/>
                    <LocPinX V="15.2" R="1" M="1"/>
                    <LocPinY V="10" R="0.5" M="2"/>
                    <FlipX V="0"/>
                    <FlipY V="0"/>
                </Transform>
                <Misc/>
                <ShapeFormat QuickMask="51">
                    <FillFormat Type="Solid">
                        <Color V="#ffffffff"/>
                    </FillFormat>
                    <LineFormat>
                        <LineWeight V="1"/>
                        <LineCap V="Flat"/>
                        <LinePattern ID="1"/>
                        <BeginArrow ID="0" Size="4"/>
                        <EndArrow ID="0" Size="4"/>
                        <LineFill Type="Solid">
                            <Color V="#ff101843" ThemeColor="5" Shade="90" Ref="#4155c6"/>
                        </LineFill>
                    </LineFormat>
                    <EffectFormat>
                        <Shadow Mode="0"/>
                    </EffectFormat>
                </ShapeFormat>
                <Geometries>
                    <Geometry>
                        <NoFill V="0"/>
                        <NoLine V="0"/>
                        <Closed V="1"/>
                        <NoShow V="0"/>
                        <NoSnap V="0"/>
                        <MoveTo>
                            <X V="0"/>
                            <Y V="0"/>
                        </MoveTo>
                        <LineTo>
                            <X V="15.2" R="1" M="1"/>
                            <Y V="0"/>
                        </LineTo>
                        <LineTo>
                            <X V="15.2" R="1" M="1"/>
                            <Y V="20" R="1" M="2"/>
                        </LineTo>
                        <LineTo>
                            <X V="0"/>
                            <Y V="20" R="1" M="2"/>
                        </LineTo>
                    </Geometry>
                </Geometries>
                <TextAdjustSize V="0"/>
                <WordWrap V="TRUE"/>
            </Shape>
            <Shape Type="Rectangle" ID="123" Layer="0">
                <Transform>
                    <Width V="10" R="0.5" M="3"/>
                    <Height V="4" R="0.2" M="4"/>
                    <Angle V="0"/>
                    <GPinX V="5" R="0.25" M="3"/>
                    <GPinY V="5" R="0.25" M="4"/>
                    <LocPinX V="5" R="0.5" M="1"/>
                    <LocPinY V="2" R="0.5" M="2"/>
                    <FlipX V="0"/>
                    <FlipY V="0"/>
                </Transform>
                <Misc/>
                <ShapeFormat QuickMask="51">
                    <FillFormat Type="Solid">
                        <Color V="#ffffffff"/>
                    </FillFormat>
                    <LineFormat>
                        <LineWeight V="1"/>
                        <LineCap V="Flat"/>
                        <LinePattern ID="1"/>
                        <BeginArrow ID="0" Size="4"/>
                        <EndArrow ID="0" Size="4"/>
                        <LineFill Type="Solid">
                            <Color V="#ff101843" ThemeColor="5" Shade="90" Ref="#4155c6"/>
                        </LineFill>
                    </LineFormat>
                    <EffectFormat>
                        <Shadow Mode="0"/>
                    </EffectFormat>
                </ShapeFormat>
                <Geometries>
                    <Geometry>
                        <NoFill V="0"/>
                        <NoLine V="0"/>
                        <Closed V="1"/>
                        <NoShow V="0"/>
                        <NoSnap V="1"/>
                        <MoveTo>
                            <X V="0"/>
                            <Y V="0"/>
                        </MoveTo>
                        <LineTo>
                            <X V="10" R="1" M="1"/>
                            <Y V="0"/>
                        </LineTo>
                        <LineTo>
                            <X V="10" R="1" M="1"/>
                            <Y V="4" R="1" M="2"/>
                        </LineTo>
                        <LineTo>
                            <X V="0"/>
                            <Y V="4" R="1" M="2"/>
                        </LineTo>
                    </Geometry>
                </Geometries>
                <TextAdjustSize V="0"/>
                <WordWrap V="TRUE"/>
            </Shape>
            <Shape Type="Rectangle" ID="124" Layer="0">
                <Transform>
                    <Width V="10" R="0.5" M="3"/>
                    <Height V="4" R="0.2" M="4"/>
                    <Angle V="0"/>
                    <GPinX V="5" R="0.25" M="3"/>
                    <GPinY V="15" R="0.75" M="4"/>
                    <LocPinX V="5" R="0.5" M="1"/>
                    <LocPinY V="2" R="0.5" M="2"/>
                    <FlipX V="0"/>
                    <FlipY V="0"/>
                </Transform>
                <Misc/>
                <ShapeFormat QuickMask="51">
                    <FillFormat Type="Solid">
                        <Color V="#ffffffff"/>
                    </FillFormat>
                    <LineFormat>
                        <LineWeight V="1"/>
                        <LineCap V="Flat"/>
                        <LinePattern ID="1"/>
                        <BeginArrow ID="0" Size="4"/>
                        <EndArrow ID="0" Size="4"/>
                        <LineFill Type="Solid">
                            <Color V="#ff101843" ThemeColor="5" Shade="90" Ref="#4155c6"/>
                        </LineFill>
                    </LineFormat>
                    <EffectFormat>
                        <Shadow Mode="0"/>
                    </EffectFormat>
                </ShapeFormat>
                <Geometries>
                    <Geometry>
                        <NoFill V="0"/>
                        <NoLine V="0"/>
                        <Closed V="1"/>
                        <NoShow V="0"/>
                        <NoSnap V="0"/>
                        <MoveTo>
                            <X V="0"/>
                            <Y V="0"/>
                        </MoveTo>
                        <LineTo>
                            <X V="10" R="1" M="1"/>
                            <Y V="0"/>
                        </LineTo>
                        <LineTo>
                            <X V="10" R="1" M="1"/>
                            <Y V="4" R="1" M="2"/>
                        </LineTo>
                        <LineTo>
                            <X V="0"/>
                            <Y V="4" R="1" M="2"/>
                        </LineTo>
                    </Geometry>
                </Geometries>
                <TextAdjustSize V="0"/>
                <WordWrap V="TRUE"/>
            </Shape>
            <GroupProps>
                <SelectMode V="1"/>
                <GroupShadow V="FALSE"/>
            </GroupProps>
        </Shape>
        <GroupProps>
            <SelectMode V="0"/>
            <GroupShadow V="FALSE"/>
        </GroupProps>
    </Shape>
    <Shape Type="Group" ID="126" Layer="2" NameU="Component">
        <Transform>
            <Width V="175.75"/>
            <Height V="52"/>
            <Angle V="0"/>
            <GPinX V="309.875"/>
            <GPinY V="650"/>
            <LocPinX V="87.875" R="0.5" M="1"/>
            <LocPinY V="26" R="0.5" M="2"/>
            <FlipX V="0"/>
            <FlipY V="0"/>
        </Transform>
        <LevelData>
            <LibId V="22"/>
            <FromLibId V="22"/>
        </LevelData>
        <CPoints>
            <CPoint Name="Pt1" ID="1" Type="0">
                <X V="0"/>
                <Y V="26" R="0.5" M="2"/>
            </CPoint>
            <CPoint Name="Pt2" ID="2" Type="0">
                <X V="87.875" R="0.5" M="1"/>
                <Y V="0"/>
            </CPoint>
            <CPoint Name="Pt3" ID="3" Type="0">
                <X V="175.75" R="1" M="1"/>
                <Y V="26" R="0.5" M="2"/>
            </CPoint>
            <CPoint Name="Pt4" ID="4" Type="0">
                <X V="87.875" R="0.5" M="1"/>
                <Y V="52" R="1" M="2"/>
            </CPoint>
        </CPoints>
        <Misc/>
        <ShapeFormat QuickMask="51">
            <FillFormat Type="Solid">
                <Color V="#ffffffff"/>
            </FillFormat>
            <LineFormat>
                <LineWeight V="1"/>
                <LineCap V="Flat"/>
                <LinePattern ID="1"/>
                <BeginArrow ID="0" Size="4"/>
                <EndArrow ID="0" Size="4"/>
                <LineFill Type="Solid">
                    <Color V="#ff101843" ThemeColor="5" Shade="90" Ref="#4155c6"/>
                </LineFill>
            </LineFormat>
            <EffectFormat>
                <Shadow Mode="0"/>
            </EffectFormat>
        </ShapeFormat>
        <Texts>
            <Text ID="1" Name="T1" ExtendMode="0">
                <Transform>
                    <Width V="175.75" R="1" M="1"/>
                    <Height V="52" R="1" M="2"/>
                    <Angle V="0"/>
                    <GPinX V="0"/>
                    <GPinY V="26" R="0.5" M="2"/>
                    <LocPinX V="0"/>
                    <LocPinY V="26" F="Text.T1.Height*0.5"/>
                    <TxtField V="" U="STR"/>
                </Transform>
                <TextBlock VAlign="Center" TextFormatMask="196608" TabStop="80">
                    <Color V="#ff191919"/>
                    <Character IX="0" Family="Arial" Size="12" Color="#191919"/>
                    <Paragraph IX="0" SpLine="100" Align="4" IndFirst="0" IndLeft="0" IndRight="0" SpaceBefore="0" SpaceAfter="0"/>
                    <Margins Left="4" Right="4" Top="4" Bottom="4"/>
                    <Text>
                        <pp PX="0" CX="0">
                            <tp CX="0">Blockchain Node</tp>
                        </pp>
                    </Text>
                </TextBlock>
            </Text>
        </Texts>
        <Shape Type="Shape" ID="127" Layer="0">
            <Transform>
                <Width V="175.75" R="1" M="3"/>
                <Height V="52" R="1" M="4"/>
                <Angle V="0"/>
                <GPinX V="87.875" R="0.5" M="3"/>
                <GPinY V="26" R="0.5" M="4"/>
                <LocPinX V="87.875" R="0.5" M="1"/>
                <LocPinY V="26" R="0.5" M="2"/>
                <FlipX V="0"/>
                <FlipY V="0"/>
            </Transform>
            <Misc/>
            <Events>
                <EventDrop V="0" F="0"/>
            </Events>
            <ShapeFormat QuickMask="51">
                <FillFormat Type="Solid">
                    <Color V="#ffffffff"/>
                </FillFormat>
                <LineFormat>
                    <LineWeight V="1"/>
                    <LineCap V="Flat"/>
                    <LinePattern ID="1"/>
                    <BeginArrow ID="0" Size="4"/>
                    <EndArrow ID="0" Size="4"/>
                    <LineFill Type="Solid">
                        <Color V="#ff101843" ThemeColor="5" Shade="90" Ref="#4155c6"/>
                    </LineFill>
                </LineFormat>
                <EffectFormat>
                    <Shadow Mode="0"/>
                </EffectFormat>
            </ShapeFormat>
            <Geometries>
                <Geometry>
                    <NoFill V="0"/>
                    <NoLine V="0"/>
                    <Closed V="1"/>
                    <NoShow V="0"/>
                    <NoSnap V="1"/>
                    <MoveTo>
                        <X V="0"/>
                        <Y V="0"/>
                    </MoveTo>
                    <LineTo>
                        <X V="175.75" R="1" M="1"/>
                        <Y V="0"/>
                    </LineTo>
                    <LineTo>
                        <X V="175.75" R="1" M="1"/>
                        <Y V="52" R="1" M="2"/>
                    </LineTo>
                    <LineTo>
                        <X V="0"/>
                        <Y V="52" R="1" M="2"/>
                    </LineTo>
                </Geometry>
            </Geometries>
            <TextAdjustSize V="0"/>
            <WordWrap V="TRUE"/>
        </Shape>
        <Shape Type="Group" ID="128" Layer="0">
            <Transform>
                <Width V="20"/>
                <Height V="20"/>
                <Angle V="0"/>
                <GPinX V="157.75" F="Parent.Width-18"/>
                <GPinY V="20"/>
                <LocPinX V="10" R="0.5" M="1"/>
                <LocPinY V="10" R="0.5" M="2"/>
                <FlipX V="0"/>
                <FlipY V="0"/>
            </Transform>
            <Protection>
                <LockWidth V="TRUE"/>
                <LockHeight V="TRUE"/>
                <LockMoveX V="TRUE"/>
                <LockMoveY V="TRUE"/>
                <LockRotate V="TRUE"/>
            </Protection>
            <Misc/>
            <ShapeFormat QuickMask="51">
                <FillFormat Type="Solid">
                    <Color V="#ffffffff"/>
                </FillFormat>
                <LineFormat>
                    <LineWeight V="1"/>
                    <LineCap V="Flat"/>
                    <LinePattern ID="1"/>
                    <BeginArrow ID="0" Size="4"/>
                    <EndArrow ID="0" Size="4"/>
                    <LineFill Type="Solid">
                        <Color V="#ff101843" ThemeColor="5" Shade="90" Ref="#4155c6"/>
                    </LineFill>
                </LineFormat>
                <EffectFormat>
                    <Shadow Mode="0"/>
                </EffectFormat>
            </ShapeFormat>
            <Shape Type="Rectangle" ID="129" Layer="0">
                <Transform>
                    <Width V="15.2" R="0.76" M="3"/>
                    <Height V="20" R="1" M="4"/>
                    <Angle V="0"/>
                    <GPinX V="20" R="1" M="3"/>
                    <GPinY V="10" R="0.5" M="4"/>
                    <LocPinX V="15.2" R="1" M="1"/>
                    <LocPinY V="10" R="0.5" M="2"/>
                    <FlipX V="0"/>
                    <FlipY V="0"/>
                </Transform>
                <Misc/>
                <ShapeFormat QuickMask="51">
                    <FillFormat Type="Solid">
                        <Color V="#ffffffff"/>
                    </FillFormat>
                    <LineFormat>
                        <LineWeight V="1"/>
                        <LineCap V="Flat"/>
                        <LinePattern ID="1"/>
                        <BeginArrow ID="0" Size="4"/>
                        <EndArrow ID="0" Size="4"/>
                        <LineFill Type="Solid">
                            <Color V="#ff101843" ThemeColor="5" Shade="90" Ref="#4155c6"/>
                        </LineFill>
                    </LineFormat>
                    <EffectFormat>
                        <Shadow Mode="0"/>
                    </EffectFormat>
                </ShapeFormat>
                <Geometries>
                    <Geometry>
                        <NoFill V="0"/>
                        <NoLine V="0"/>
                        <Closed V="1"/>
                        <NoShow V="0"/>
                        <NoSnap V="0"/>
                        <MoveTo>
                            <X V="0"/>
                            <Y V="0"/>
                        </MoveTo>
                        <LineTo>
                            <X V="15.2" R="1" M="1"/>
                            <Y V="0"/>
                        </LineTo>
                        <LineTo>
                            <X V="15.2" R="1" M="1"/>
                            <Y V="20" R="1" M="2"/>
                        </LineTo>
                        <LineTo>
                            <X V="0"/>
                            <Y V="20" R="1" M="2"/>
                        </LineTo>
                    </Geometry>
                </Geometries>
                <TextAdjustSize V="0"/>
                <WordWrap V="TRUE"/>
            </Shape>
            <Shape Type="Rectangle" ID="130" Layer="0">
                <Transform>
                    <Width V="10" R="0.5" M="3"/>
                    <Height V="4" R="0.2" M="4"/>
                    <Angle V="0"/>
                    <GPinX V="5" R="0.25" M="3"/>
                    <GPinY V="5" R="0.25" M="4"/>
                    <LocPinX V="5" R="0.5" M="1"/>
                    <LocPinY V="2" R="0.5" M="2"/>
                    <FlipX V="0"/>
                    <FlipY V="0"/>
                </Transform>
                <Misc/>
                <ShapeFormat QuickMask="51">
                    <FillFormat Type="Solid">
                        <Color V="#ffffffff"/>
                    </FillFormat>
                    <LineFormat>
                        <LineWeight V="1"/>
                        <LineCap V="Flat"/>
                        <LinePattern ID="1"/>
                        <BeginArrow ID="0" Size="4"/>
                        <EndArrow ID="0" Size="4"/>
                        <LineFill Type="Solid">
                            <Color V="#ff101843" ThemeColor="5" Shade="90" Ref="#4155c6"/>
                        </LineFill>
                    </LineFormat>
                    <EffectFormat>
                        <Shadow Mode="0"/>
                    </EffectFormat>
                </ShapeFormat>
                <Geometries>
                    <Geometry>
                        <NoFill V="0"/>
                        <NoLine V="0"/>
                        <Closed V="1"/>
                        <NoShow V="0"/>
                        <NoSnap V="1"/>
                        <MoveTo>
                            <X V="0"/>
                            <Y V="0"/>
                        </MoveTo>
                        <LineTo>
                            <X V="10" R="1" M="1"/>
                            <Y V="0"/>
                        </LineTo>
                        <LineTo>
                            <X V="10" R="1" M="1"/>
                            <Y V="4" R="1" M="2"/>
                        </LineTo>
                        <LineTo>
                            <X V="0"/>
                            <Y V="4" R="1" M="2"/>
                        </LineTo>
                    </Geometry>
                </Geometries>
                <TextAdjustSize V="0"/>
                <WordWrap V="TRUE"/>
            </Shape>
            <Shape Type="Rectangle" ID="131" Layer="0">
                <Transform>
                    <Width V="10" R="0.5" M="3"/>
                    <Height V="4" R="0.2" M="4"/>
                    <Angle V="0"/>
                    <GPinX V="5" R="0.25" M="3"/>
                    <GPinY V="15" R="0.75" M="4"/>
                    <LocPinX V="5" R="0.5" M="1"/>
                    <LocPinY V="2" R="0.5" M="2"/>
                    <FlipX V="0"/>
                    <FlipY V="0"/>
                </Transform>
                <Misc/>
                <ShapeFormat QuickMask="51">
                    <FillFormat Type="Solid">
                        <Color V="#ffffffff"/>
                    </FillFormat>
                    <LineFormat>
                        <LineWeight V="1"/>
                        <LineCap V="Flat"/>
                        <LinePattern ID="1"/>
                        <BeginArrow ID="0" Size="4"/>
                        <EndArrow ID="0" Size="4"/>
                        <LineFill Type="Solid">
                            <Color V="#ff101843" ThemeColor="5" Shade="90" Ref="#4155c6"/>
                        </LineFill>
                    </LineFormat>
                    <EffectFormat>
                        <Shadow Mode="0"/>
                    </EffectFormat>
                </ShapeFormat>
                <Geometries>
                    <Geometry>
                        <NoFill V="0"/>
                        <NoLine V="0"/>
                        <Closed V="1"/>
                        <NoShow V="0"/>
                        <NoSnap V="0"/>
                        <MoveTo>
                            <X V="0"/>
                            <Y V="0"/>
                        </MoveTo>
                        <LineTo>
                            <X V="10" R="1" M="1"/>
                            <Y V="0"/>
                        </LineTo>
                        <LineTo>
                            <X V="10" R="1" M="1"/>
                            <Y V="4" R="1" M="2"/>
                        </LineTo>
                        <LineTo>
                            <X V="0"/>
                            <Y V="4" R="1" M="2"/>
                        </LineTo>
                    </Geometry>
                </Geometries>
                <TextAdjustSize V="0"/>
                <WordWrap V="TRUE"/>
            </Shape>
            <GroupProps>
                <SelectMode V="1"/>
                <GroupShadow V="FALSE"/>
            </GroupProps>
        </Shape>
        <GroupProps>
            <SelectMode V="0"/>
            <GroupShadow V="FALSE"/>
        </GroupProps>
    </Shape>
    <Shape Type="ConnectLine" ID="132" Layer="2" NameU="ConnectLine" Name="ConnectLine">
        <ConPoints>
            <BeginX V="227.927" F="PNTX(Parent.LOCPNT(Shape102.GeomCrossPt(0,2,0.774)))"/>
            <BeginY V="242" F="PNTY(Parent.LOCPNT(Shape102.GeomCrossPt(0,2,0.774)))"/>
            <EndX V="227.927" F="PNTX(Parent.LOCPNT(Shape107.GeomCrossPt(0,0,0.12635)))"/>
            <EndY V="322.85" F="PNTY(Parent.LOCPNT(Shape107.GeomCrossPt(0,0,0.12635)))"/>
        </ConPoints>
        <Transform>
            <Width V="0" F="EndX-BeginX"/>
            <Height V="80.8504" F="EndY-BeginY"/>
            <Angle V="0" F="GUARD(0)"/>
            <GPinX V="227.927" F="(BeginX+EndX)*0.5"/>
            <GPinY V="282.425" F="(BeginY+EndY)*0.5"/>
            <LocPinX V="0" R="0.5" M="1"/>
            <LocPinY V="40.4252" R="0.5" M="2"/>
            <FlipX V="0" F="GUARD(FALSE)"/>
            <FlipY V="0" F="GUARD(FALSE)"/>
            <BeginTag V="0" F="Shape102.XTrans"/>
            <EndTag V="0" F="Shape107.XTrans"/>
        </Transform>
        <Misc/>
        <ShapeFormat QuickMask="99">
            <FillFormat Type="None"/>
            <LineFormat>
                <LineWeight V="1"/>
                <LineCap V="Flat"/>
                <LinePattern ID="1"/>
                <BeginArrow ID="0" Size="3"/>
                <EndArrow ID="4" Size="3"/>
                <LineFill Type="Solid">
                    <Color V="#ff191919" ThemeColor="2" Tint="1" Ref="#000"/>
                </LineFill>
            </LineFormat>
            <EffectFormat>
                <Shadow Mode="0"/>
            </EffectFormat>
        </ShapeFormat>
        <Geometries>
            <Geometry>
                <NoFill V="1"/>
                <NoLine V="0"/>
                <Closed V="0"/>
                <NoShow V="0"/>
                <NoSnap V="1"/>
                <MoveTo>
                    <X V="0"/>
                    <Y V="0"/>
                </MoveTo>
                <LineTo>
                    <X V="0"/>
                    <Y V="80.8504"/>
                </LineTo>
            </Geometry>
        </Geometries>
        <TextAdjustSize V="0"/>
        <WordWrap V="TRUE"/>
        <ConnectorLayout Relayout="TRUE" IgnoreJump="FALSE" Style="2"/>
    </Shape>
    <Shape Type="TextBlock" ID="133" Layer="2" NameU="Rectangle" Name="Rectangle">
        <Transform>
            <Width V="120"/>
            <Height V="30"/>
            <Angle V="0"/>
            <GPinX V="261.26"/>
            <GPinY V="282.565"/>
            <LocPinX V="60" R="0.5" M="1"/>
            <LocPinY V="15" R="0.5" M="2"/>
            <FlipX V="0"/>
            <FlipY V="0"/>
        </Transform>
        <Misc/>
        <ShapeFormat QuickMask="115">
            <FillFormat Type="None"/>
            <LineFormat>
                <LineWeight V="1"/>
                <LineCap V="Flat"/>
                <LinePattern ID="1"/>
                <BeginArrow ID="0" Size="4"/>
                <EndArrow ID="0" Size="4"/>
                <LineFill Type="None"/>
            </LineFormat>
            <EffectFormat>
                <Shadow Mode="0"/>
            </EffectFormat>
        </ShapeFormat>
        <Texts>
            <Text ID="1" Name="T1" ExtendMode="0">
                <Transform>
                    <Width V="120" R="1" M="1"/>
                    <Height V="30" R="1" M="2"/>
                    <Angle V="0"/>
                    <GPinX V="60" R="0.5" M="1"/>
                    <GPinY V="15" R="0.5" M="2"/>
                    <LocPinX V="60" F="Text.T1.Width*0.5"/>
                    <LocPinY V="15" F="Text.T1.Height*0.5"/>
                    <TxtField V="" U="STR"/>
                </Transform>
                <TextBlock VAlign="Center" TextFormatMask="0" TabStop="80">
                    <Color V="#ff191919"/>
                    <Character IX="0" Family="Arial" Size="12" Color="#191919"/>
                    <Paragraph IX="0" SpLine="100" Align="4" IndFirst="0" IndLeft="0" IndRight="0" SpaceBefore="0" SpaceAfter="0"/>
                    <Margins Left="4" Right="4" Top="4" Bottom="4"/>
                    <Text>
                        <pp PX="0" CX="0">
                            <tp CX="0">HTTP</tp>
                        </pp>
                    </Text>
                </TextBlock>
            </Text>
        </Texts>
        <Geometries>
            <Geometry>
                <NoFill V="0"/>
                <NoLine V="0"/>
                <Closed V="1"/>
                <NoShow V="0"/>
                <NoSnap V="1"/>
                <MoveTo>
                    <X V="0"/>
                    <Y V="0"/>
                </MoveTo>
                <LineTo>
                    <X V="120" R="1" M="1"/>
                    <Y V="0"/>
                </LineTo>
                <LineTo>
                    <X V="120" R="1" M="1"/>
                    <Y V="30" R="1" M="2"/>
                </LineTo>
                <LineTo>
                    <X V="0"/>
                    <Y V="30" R="1" M="2"/>
                </LineTo>
                <LineTo>
                    <X V="0"/>
                    <Y V="0"/>
                </LineTo>
            </Geometry>
        </Geometries>
        <TextAdjustSize V="0"/>
        <WordWrap V="TRUE"/>
    </Shape>
    <Shape Type="ConnectLine" ID="134" Layer="2" NameU="ConnectLine" Name="ConnectLine">
        <ConPoints>
            <BeginX V="260.307" F="PNTX(Parent.LOCPNT(Shape106.GeomCrossPt(0,2,0.685)))"/>
            <BeginY V="470.85" F="PNTY(Parent.LOCPNT(Shape106.GeomCrossPt(0,2,0.685)))"/>
            <EndX V="260.307" F="PNTX(Parent.LOCPNT(Shape111.GeomCrossPt(0,0,0.24408)))"/>
            <EndY V="548" F="PNTY(Parent.LOCPNT(Shape111.GeomCrossPt(0,0,0.24408)))"/>
        </ConPoints>
        <Transform>
            <Width V="0" F="EndX-BeginX"/>
            <Height V="77.1496" F="EndY-BeginY"/>
            <Angle V="0" F="GUARD(0)"/>
            <GPinX V="260.307" F="(BeginX+EndX)*0.5"/>
            <GPinY V="509.425" F="(BeginY+EndY)*0.5"/>
            <LocPinX V="0" R="0.5" M="1"/>
            <LocPinY V="38.5748" R="0.5" M="2"/>
            <FlipX V="0" F="GUARD(FALSE)"/>
            <FlipY V="0" F="GUARD(FALSE)"/>
            <BeginTag V="0" F="Shape106.XTrans"/>
            <EndTag V="0" F="Shape111.XTrans"/>
        </Transform>
        <Misc/>
        <ShapeFormat QuickMask="99">
            <FillFormat Type="None"/>
            <LineFormat>
                <LineWeight V="1"/>
                <LineCap V="Flat"/>
                <LinePattern ID="1"/>
                <BeginArrow ID="0" Size="3"/>
                <EndArrow ID="4" Size="3"/>
                <LineFill Type="Solid">
                    <Color V="#ff191919" ThemeColor="2" Tint="1" Ref="#000"/>
                </LineFill>
            </LineFormat>
            <EffectFormat>
                <Shadow Mode="0"/>
            </EffectFormat>
        </ShapeFormat>
        <Geometries>
            <Geometry>
                <NoFill V="1"/>
                <NoLine V="0"/>
                <Closed V="0"/>
                <NoShow V="0"/>
                <NoSnap V="1"/>
                <MoveTo>
                    <X V="0"/>
                    <Y V="0"/>
                </MoveTo>
                <LineTo>
                    <X V="0"/>
                    <Y V="77.1496"/>
                </LineTo>
            </Geometry>
        </Geometries>
        <TextAdjustSize V="0"/>
        <WordWrap V="TRUE"/>
        <ConnectorLayout Relayout="TRUE" IgnoreJump="FALSE" Style="2"/>
    </Shape>
    <Shape Type="TextBlock" ID="135" Layer="2" NameU="Rectangle" Name="Rectangle">
        <Transform>
            <Width V="120"/>
            <Height V="30"/>
            <Angle V="0"/>
            <GPinX V="276.498"/>
            <GPinY V="508.279"/>
            <LocPinX V="60" R="0.5" M="1"/>
            <LocPinY V="15" R="0.5" M="2"/>
            <FlipX V="0"/>
            <FlipY V="0"/>
        </Transform>
        <Misc/>
        <ShapeFormat QuickMask="115">
            <FillFormat Type="None"/>
            <LineFormat>
                <LineWeight V="1"/>
                <LineCap V="Flat"/>
                <LinePattern ID="1"/>
                <BeginArrow ID="0" Size="4"/>
                <EndArrow ID="0" Size="4"/>
                <LineFill Type="None"/>
            </LineFormat>
            <EffectFormat>
                <Shadow Mode="0"/>
            </EffectFormat>
        </ShapeFormat>
        <Texts>
            <Text ID="1" Name="T1" ExtendMode="0">
                <Transform>
                    <Width V="120" R="1" M="1"/>
                    <Height V="30" R="1" M="2"/>
                    <Angle V="0"/>
                    <GPinX V="60" R="0.5" M="1"/>
                    <GPinY V="15" R="0.5" M="2"/>
                    <LocPinX V="60" F="Text.T1.Width*0.5"/>
                    <LocPinY V="15" F="Text.T1.Height*0.5"/>
                    <TxtField V="" U="STR"/>
                </Transform>
                <TextBlock VAlign="Center" TextFormatMask="0" TabStop="80">
                    <Color V="#ff191919"/>
                    <Character IX="0" Family="Arial" Size="12" Color="#191919"/>
                    <Paragraph IX="0" SpLine="100" Align="4" IndFirst="0" IndLeft="0" IndRight="0" SpaceBefore="0" SpaceAfter="0"/>
                    <Margins Left="4" Right="4" Top="4" Bottom="4"/>
                    <Text>
                        <pp PX="0" CX="0">
                            <tp CX="0">RPC</tp>
                        </pp>
                    </Text>
                </TextBlock>
            </Text>
        </Texts>
        <Geometries>
            <Geometry>
                <NoFill V="0"/>
                <NoLine V="0"/>
                <Closed V="1"/>
                <NoShow V="0"/>
                <NoSnap V="1"/>
                <MoveTo>
                    <X V="0"/>
                    <Y V="0"/>
                </MoveTo>
                <LineTo>
                    <X V="120" R="1" M="1"/>
                    <Y V="0"/>
                </LineTo>
                <LineTo>
                    <X V="120" R="1" M="1"/>
                    <Y V="30" R="1" M="2"/>
                </LineTo>
                <LineTo>
                    <X V="0"/>
                    <Y V="30" R="1" M="2"/>
                </LineTo>
                <LineTo>
                    <X V="0"/>
                    <Y V="0"/>
                </LineTo>
            </Geometry>
        </Geometries>
        <TextAdjustSize V="0"/>
        <WordWrap V="TRUE"/>
    </Shape>
    <Connects>
        <Connect FromShape="132" FromPart="9" FromName="" ToShape="102" ToPart="5" ToName="0?2?0.774"/>
        <Connect FromShape="132" FromPart="12" FromName="" ToShape="107" ToPart="5" ToName="0?0?0.12635"/>
        <Connect FromShape="134" FromPart="9" FromName="" ToShape="106" ToPart="5" ToName="0?2?0.685"/>
        <Connect FromShape="134" FromPart="12" FromName="" ToShape="111" ToPart="5" ToName="0?0?0.24408"/>
    </Connects>
</Page>
