<?xml version="1.0" encoding="utf-8"?>
<Document DocGuid="{98bae234-e36d-4f10-9231-96692f1f0e4a}" OS="Win" Version="13.0.5">
    <DocConfig>
        <Solution V="501"/>
        <SolMask V="0"/>
        <UpdatePageName V="FALSE"/>
        <ShowGrid V="TRUE"/>
        <ShowRuler V="TRUE"/>
        <ShowGuideline V="TRUE"/>
        <ShowPageBreak V="TRUE"/>
        <OrgAutoLayout V="TRUE"/>
        <mmAutoLayout V="TRUE"/>
        <mmLockCon V="TRUE"/>
        <IgnoreDefCntStyle V="FALSE"/>
        <IgnoreDefFont V="FALSE"/>
        <ElectricalCrossStyle V="0"/>
    </DocConfig>
    <Stencils>
        <Stencil Path="14"/>
        <Stencil Path="4"/>
    </Stencils>
    <ActivePageIndex V="0"/>
    <Pages V="1"/>
    <Dpi V="1.25"/>
    <ScreenWidth V="1920"/>
    <ScreenHeight V="1080"/>
    <Platform V="desk"/>
    <CreatedDate V="2024-05-13 20:40:30"/>
    <Creator V="sushmasiluveru2932@gmail.com"/>
    <ModifiedDate V="2024-05-13 20:47:25"/>
    <Modifier V="sushmasiluveru2932@gmail.com"/>
    <CloneID V="0"/>
    <ModifiedFromClone V="TRUE"/>
</Document>
